order_date,order_count,line_count,total_sales,total_profit,total_qty,avg_discount
2015-01-03,1,1,16.448,5.5512,2,0.2
2015-01-04,1,3,288.06,-65.9901,8,0.4000000000000001
2015-01-05,1,1,19.536,4.884,3,0.2
2015-01-06,3,9,4407.1,1358.0524,30,0.0
2015-01-07,1,2,87.15799999999999,-71.9621,10,0.7
2015-01-09,1,2,40.544,10.918,5,0.2
2015-01-10,1,2,54.83,22.6537,2,0.0
2015-01-11,1,1,9.94,3.0814,2,0.0
2015-01-13,4,11,3553.795,673.6386,48,0.09545454545454544
2015-01-14,1,1,61.96,-53.2856,4,0.5
2015-01-15,1,1,149.95,65.978,5,0.0
2015-01-16,1,4,299.964,-5.933499999999999,14,0.375
2015-01-18,1,1,64.864,6.4864,4,0.2
2015-01-19,1,4,378.594,-287.9976,24,0.44999999999999996
2015-01-20,4,17,2673.87,584.3695,58,0.047058823529411764
2015-01-21,1,1,25.248,4.1028,3,0.2
2015-01-23,2,2,46.019999999999996,19.2384,9,0.0
2015-01-26,2,9,1097.25,150.327,38,0.0
2015-01-27,1,3,426.67,9.6827,8,0.06666666666666667
2015-01-28,1,1,3.928,1.3257,1,0.2
2015-01-30,1,2,240.5,11.6502,4,0.0
2015-01-31,1,1,290.666,3.4196,2,0.15
2015-02-01,1,1,468.9,206.316,6,0.0
2015-02-02,2,3,211.64600000000002,7.152499999999999,12,0.3
2015-02-03,1,2,97.11200000000001,31.5614,5,0.2
2015-02-04,2,3,134.38400000000001,51.1432,9,0.13333333333333333
2015-02-06,2,4,330.512,76.4833,12,0.2
2015-02-07,2,2,180.32,59.3488,11,0.0
2015-02-08,1,1,14.56,5.5328,2,0.0
2015-02-11,2,9,2043.4,293.5285,25,0.0
2015-02-12,1,1,129.568,-24.294,2,0.2
2015-02-14,2,4,576.726,120.1764,10,0.05
2015-02-15,1,1,21.36,7.209,5,0.2
2015-02-16,1,2,9.04,-15.658,5,0.8
2015-02-17,1,1,54.208,8.8088,14,0.2
2015-02-18,2,2,37.784,-13.846799999999998,7,0.4
2015-02-20,2,3,95.59,35.5612,9,0.0
2015-02-21,1,1,8.85,-13.7175,5,0.8
2015-02-22,1,1,19.44,9.3312,3,0.0
2015-02-23,1,2,11.364,-4.522500000000001,6,0.5
2015-02-24,1,2,55.672,18.789299999999997,7,0.2
2015-02-27,1,1,19.456,3.4048,4,0.2
2015-03-01,5,10,2203.151,-208.96140000000003,40,0.25
2015-03-02,2,4,202.384,56.0112,11,0.1
2015-03-03,5,9,1345.8919999999998,-629.7988999999999,35,0.2777777777777778
2015-03-04,2,2,370.452,20.0778,8,0.1
2015-03-05,1,5,705.562,261.19010000000003,16,0.04
2015-03-07,3,8,1561.062,134.1539,27,0.1
2015-03-10,2,3,741.956,4.188600000000001,9,0.13333333333333333
2015-03-11,4,8,918.314,279.06100000000004,39,0.05
2015-03-14,5,11,2108.55,528.5024,38,0.1
2015-03-15,1,5,370.78200000000004,33.598,14,0.4
2015-03-16,1,1,471.92,29.495,2,0.2
2015-03-17,5,19,3960.358,-831.8572,82,0.10526315789473684
2015-03-18,3,11,28106.716,-954.7089000000001,48,0.21363636363636365
2015-03-19,1,7,590.762,68.6353,23,0.27142857142857146
2015-03-21,4,11,4109.816,1055.3735,39,0.10909090909090911
2015-03-22,3,5,464.09299999999996,-50.9345,17,0.36
2015-03-23,2,3,945.064,126.9224,11,0.13333333333333333
2015-03-24,2,2,65.38,26.2758,7,0.0
2015-03-25,2,5,459.146,96.6684,21,0.02
2015-03-26,3,5,145.13,30.7658,16,0.08
2015-03-28,3,4,1823.8039999999999,-11.075400000000002,11,0.15000000000000002
2015-03-29,1,1,890.841,-152.7156,3,0.3
2015-03-30,6,9,1170.3220000000001,232.7529,39,0.09444444444444444
2015-03-31,5,9,1959.552,355.1097,29,0.4111111111111111
2015-04-01,2,4,119.88799999999999,26.0896,12,0.05
2015-04-02,3,6,1458.558,407.39619999999996,29,0.06666666666666667
2015-04-03,1,3,233.45,85.6044,7,0.0
2015-04-04,4,8,475.844,105.4521,25,0.025
2015-04-05,5,13,5295.098000000001,253.9044,54,0.03076923076923077
2015-04-06,5,13,1650.69,299.5152,38,0.13076923076923078
2015-04-07,3,5,1021.1700000000001,305.05600000000004,22,0.0
2015-04-08,5,7,1958.75,359.8481,27,0.17142857142857146
2015-04-11,4,9,1915.24,523.2729,37,0.15555555555555556
2015-04-12,3,6,1912.123,152.6581,35,0.125
2015-04-13,2,5,638.576,-384.7942,42,0.3
2015-04-15,1,2,294.71999999999997,108.0,6,0.0
2015-04-16,1,1,39.072,9.768,6,0.2
2015-04-18,2,8,1020.532,169.9374,26,0.1375
2015-04-19,2,3,205.47,87.5664,17,0.0
2015-04-20,2,4,1250.45,-194.4528,16,0.2
2015-04-21,2,2,845.36,5.5755,11,0.1
2015-04-22,1,2,257.752,124.78689999999999,11,0.1
2015-04-23,3,6,643.98,-0.305299999999999,20,0.36666666666666664
2015-04-25,3,6,2379.9939999999997,332.8671,21,0.13333333333333333
2015-04-26,2,4,282.568,40.745,16,0.1
2015-04-28,4,9,2578.476,292.1672,29,0.08888888888888889
2015-04-29,4,6,768.8439999999999,101.6814,16,0.06666666666666667
2015-04-30,2,3,1048.74,276.49559999999997,13,0.0
2015-05-02,2,2,506.12,91.9572,5,0.2
2015-05-03,2,3,72.632,28.8624,13,0.13333333333333333
2015-05-04,4,6,187.43200000000002,58.5624,25,0.06666666666666667
2015-05-05,4,7,260.977,34.5131,15,0.07142857142857142
2015-05-06,2,3,254.456,85.7158,16,0.06666666666666667
2015-05-07,1,4,1091.35,215.8138,12,0.075
2015-05-08,1,1,1799.97,239.996,5,0.4
2015-05-09,2,6,394.48,95.1736,25,0.0
2015-05-10,3,8,2343.799,57.82600000000002,34,0.1625
2015-05-11,5,8,1642.802,-289.6088,32,0.3125
2015-05-12,2,2,734.846,-119.22550000000001,10,0.15
2015-05-13,4,6,898.382,-242.28369999999995,23,0.18333333333333332
2015-05-14,1,1,310.88,23.316,2,0.2
2015-05-16,2,2,289.28,20.85,8,0.1
2015-05-17,1,1,91.68,45.84,3,0.0
2015-05-18,3,4,948.9480000000001,-158.00400000000002,10,0.25
2015-05-19,2,2,91.62,35.6472,14,0.0
2015-05-20,2,7,320.10400000000004,62.058099999999996,32,0.17142857142857143
2015-05-21,4,10,4264.3279999999995,1719.5087,46,0.15
2015-05-22,1,2,180.93,46.580999999999996,3,0.0
2015-05-23,3,7,323.75800000000004,58.050200000000004,23,0.21428571428571427
2015-05-24,1,1,116.28,56.9772,3,0.0
2015-05-25,2,3,119.53999999999999,-183.78379999999999,6,0.4666666666666666
2015-05-26,4,8,1325.718,130.5086,21,0.18125
2015-05-27,3,5,2157.394,111.54079999999999,33,0.24000000000000005
2015-05-28,2,3,221.96800000000002,59.3088,14,0.13333333333333333
2015-05-30,5,8,1924.913,222.0358,27,0.1375
2015-05-31,1,2,773.7,230.9727,6,0.0
2015-06-01,4,11,5188.5199999999995,1576.7509,55,0.009090909090909092
2015-06-02,2,5,738.598,218.36079999999998,16,0.04
2015-06-03,3,5,741.336,96.10860000000001,22,0.2
2015-06-04,2,5,456.272,-6.493199999999999,12,0.08
2015-06-06,5,9,1374.0010000000002,-265.2367,34,0.30000000000000004
2015-06-07,2,2,281.397,-230.33159999999998,6,0.65
2015-06-08,3,4,2501.264,193.365,14,0.15000000000000002
2015-06-09,5,16,5463.008,629.0289,66,0.08750000000000001
2015-06-10,1,1,491.55,240.8595,5,0.0
2015-06-13,1,1,14.52,4.7916,3,0.0
2015-06-14,1,1,212.94,57.4938,3,0.0
2015-06-15,2,4,942.9739999999999,-78.24100000000001,11,0.4
2015-06-16,2,4,763.792,76.6876,20,0.05
2015-06-17,3,5,3418.5020000000004,1126.6297000000002,16,0.08
2015-06-18,1,1,139.8,12.2325,5,0.2
2015-06-20,2,9,1828.9496,-62.9594,32,0.25777777777777783
2015-06-21,7,18,4107.443,849.4221,56,0.19999999999999998
2015-06-22,4,7,1975.498,40.2147,26,0.2714285714285714
2015-06-23,2,3,109.49600000000001,3.1803000000000003,13,0.20000000000000004
2015-06-24,1,1,4.272,0.9612,2,0.2
2015-06-25,2,4,792.76,49.7172,22,0.2
2015-06-27,1,3,616.14,76.1052,10,0.0
2015-06-28,2,6,1645.791,109.76200000000001,24,0.35000000000000003
2015-06-29,2,2,46.68,8.557500000000001,10,0.2
2015-06-30,6,8,739.624,249.5572,38,0.15000000000000002
2015-07-01,2,3,601.0239999999999,75.33319999999999,13,0.3666666666666667
2015-07-02,1,2,79.56,22.1508,3,0.0
2015-07-04,2,4,247.40800000000002,83.9448,14,0.1
2015-07-05,5,10,1444.104,182.7936,41,0.19
2015-07-06,2,2,1038.472,222.84550000000002,3,0.2
2015-07-07,1,2,241.19400000000002,-34.6598,4,0.25
2015-07-08,2,3,763.0740000000001,-8.441999999999993,10,0.16666666666666666
2015-07-09,3,9,265.521,57.2078,30,0.10555555555555557
2015-07-11,4,10,2187.206,537.7298000000001,43,0.06000000000000001
2015-07-12,5,12,1960.012,88.45439999999999,58,0.19166666666666668
2015-07-13,1,1,351.216,4.3902,3,0.2
2015-07-14,5,9,292.594,-31.101399999999998,27,0.2666666666666667
2015-07-15,1,2,9.51,3.9882,6,0.0
2015-07-18,2,2,273.04,-21.3948,6,0.2
2015-07-19,2,5,461.326,103.20620000000001,8,0.1
2015-07-20,5,15,2285.786,162.1881,44,0.16
2015-07-21,3,8,1961.482,34.126000000000005,24,0.3125
2015-07-22,4,8,1348.344,229.8348,31,0.07500000000000001
2015-07-23,3,9,2613.1839999999997,267.4844,43,0.18888888888888888
2015-07-25,2,5,8341.289999999999,384.5084,22,0.0
2015-07-26,5,15,5039.994,-3570.971,76,0.3066666666666667
2015-07-27,3,3,580.06,70.31219999999999,15,0.0
2015-07-28,1,3,193.152,34.6984,18,0.20000000000000004
2015-07-30,1,1,1367.84,259.8896,8,0.0
2015-08-01,3,6,228.328,66.475,15,0.20000000000000004
2015-08-02,1,3,886.28,248.02759999999998,9,0.0
2015-08-03,3,6,477.994,-76.7149,20,0.15
2015-08-04,2,9,2743.154,833.4829,51,0.044444444444444446
2015-08-05,5,12,2408.7239999999997,504.1059,37,0.041666666666666664
2015-08-06,2,2,262.89,106.6392,5,0.0
2015-08-08,5,13,3955.629,1129.1342,55,0.08461538461538462
2015-08-09,6,9,3605.6850000000004,700.8938,35,0.2111111111111111
2015-08-11,2,4,451.62,45.644400000000005,5,0.0
2015-08-12,4,11,1832.38,357.593,61,0.1272727272727273
2015-08-15,4,9,842.7819999999999,118.18260000000001,38,0.2
2015-08-16,1,1,853.092,-227.4912,6,0.4
2015-08-17,2,5,500.342,193.18359999999998,23,0.04
2015-08-19,5,7,1439.106,175.4619,29,0.1857142857142857
2015-08-20,2,4,1838.722,569.8905,18,0.075
2015-08-22,3,3,23.104,4.878699999999999,6,0.13333333333333333
2015-08-23,4,10,565.224,160.4016,44,0.14
2015-08-24,3,4,59.74,20.1332,10,0.1
2015-08-25,5,14,1451.6499999999999,118.84229999999998,67,0.33571428571428574
2015-08-26,3,6,366.81,92.0889,22,0.0
2015-08-27,3,7,2070.13,513.7323,23,0.05714285714285715
2015-08-29,2,5,832.3225,-376.4695,13,0.26999999999999996
2015-08-30,1,2,121.24,21.485,8,0.0
2015-08-31,1,1,92.52,18.504,9,0.0
2015-09-01,3,5,469.436,85.9402,17,0.24000000000000005
2015-09-02,7,9,3254.15,916.2512,28,0.08888888888888889
2015-09-03,2,2,22.08,-4.4639999999999995,10,0.4
2015-09-05,2,2,296.304,21.823,4,0.2
2015-09-06,1,2,100.36,39.6308,14,0.0
2015-09-07,7,25,3523.875,-481.2463,78,0.20800000000000002
2015-09-08,11,27,14228.428,-1452.6877,112,0.15925925925925924
2015-09-09,6,13,4043.5879999999997,16.361600000000088,56,0.16153846153846155
2015-09-10,3,5,1855.2279999999998,259.62080000000003,23,0.08
2015-09-11,1,1,127.95,21.7515,3,0.0
2015-09-12,6,11,4904.66,600.8836,39,0.2
2015-09-13,7,15,1275.408,243.8237,53,0.15333333333333332
2015-09-14,6,19,5023.716,1530.7599,77,0.18947368421052632
2015-09-15,2,3,133.436,30.1722,9,0.06666666666666667
2015-09-16,1,1,33.552,12.582,1,0.2
2015-09-17,5,14,820.523,233.52870000000001,53,0.21428571428571427
2015-09-19,7,9,9338.637,-1539.1441,38,0.23333333333333334
2015-09-20,8,18,5335.968000000001,670.1014,63,0.09444444444444444
2015-09-21,7,16,2679.652,877.4457,55,0.13125
2015-09-22,4,8,1240.266,87.47569999999999,24,0.08750000000000001
2015-09-23,7,12,10662.337000000001,4808.5975,48,0.07916666666666668
2015-09-24,1,1,211.96,8.4784,4,0.0
2015-09-25,2,5,354.88880000000006,-87.5594,16,0.34400000000000003
2015-09-26,8,13,1480.614,230.72660000000002,49,0.25384615384615383
2015-09-27,2,3,773.4399999999999,123.10640000000001,10,0.06666666666666667
2015-09-28,3,4,490.29200000000003,64.3686,17,0.15000000000000002
2015-09-29,5,19,8109.07,890.2809,73,0.10526315789473684
2015-09-30,6,6,987.532,119.4905,26,0.13333333333333333
2015-10-01,1,1,4.71,0.0,1,0.0
2015-10-02,1,7,598.144,133.7632,18,0.2
2015-10-03,5,13,862.683,-65.4279,37,0.2846153846153846
2015-10-04,3,4,728.7479999999999,45.0709,16,0.07500000000000001
2015-10-05,2,2,191.9,46.483000000000004,7,0.1
2015-10-06,4,4,494.71,50.039500000000004,12,0.05
2015-10-07,2,2,237.35999999999999,31.855999999999998,15,0.2
2015-10-08,2,2,147.392,60.7518,7,0.1
2015-10-09,2,3,249.35999999999999,70.0043,6,0.13333333333333333
2015-10-10,5,10,2049.386,169.95260000000002,42,0.38
2015-10-11,5,9,1381.164,110.6138,33,0.06666666666666668
2015-10-12,2,3,58.53,12.877099999999999,8,0.06666666666666667
2015-10-13,4,11,2212.182,454.1033,35,0.018181818181818184
2015-10-14,4,10,4525.484,1059.3591999999999,57,0.22000000000000003
2015-10-15,2,3,206.72400000000002,-0.9321000000000002,5,0.2333333333333333
2015-10-16,1,2,194.322,91.4088,6,0.1
2015-10-17,2,3,136.068,-36.838,10,0.5333333333333333
2015-10-18,4,9,3134.916,606.1102,39,0.08888888888888889
2015-10-19,3,7,641.104,124.5477,27,0.1142857142857143
2015-10-20,3,8,1501.104,-65.9838,20,0.275
2015-10-21,3,6,1356.602,26.062300000000015,20,0.13333333333333333
2015-10-22,2,2,223.808,23.303199999999997,8,0.1
2015-10-24,3,3,56.49,18.5592,8,0.13333333333333333
2015-10-25,2,3,103.882,9.4491,10,0.3666666666666667
2015-10-26,1,2,447.88,41.592,9,0.1
2015-10-27,1,2,22.32,7.6626,5,0.2
2015-10-28,2,6,1510.5819999999999,93.4282,19,0.05833333333333333
2015-10-29,2,3,2813.8120000000004,378.5486,10,0.06666666666666667
2015-10-31,5,19,5362.026,-48.10749999999993,83,0.08947368421052633
2015-11-01,9,20,4732.08,663.3641,81,0.16999999999999998
2015-11-02,6,11,2126.37,286.5754,49,0.20909090909090908
2015-11-03,8,14,2784.163,-108.22129999999999,52,0.17857142857142858
2015-11-04,6,15,6693.7480000000005,2443.392,50,0.1
2015-11-05,4,8,1694.564,-61.611599999999996,31,0.1875
2015-11-06,1,1,43.68,20.9664,6,0.0
2015-11-07,6,14,1449.142,155.4863,57,0.20714285714285713
2015-11-08,1,1,333.576,25.0182,3,0.2
2015-11-09,2,7,1574.094,222.6886,36,0.049999999999999996
2015-11-10,2,12,2002.556,436.6331,49,0.016666666666666666
2015-11-11,9,26,8114.548,-449.5310999999999,93,0.2076923076923077
2015-11-12,5,11,1054.7612,79.634,35,0.2290909090909091
2015-11-14,5,8,1034.73,308.90680000000003,37,0.037500000000000006
2015-11-15,4,8,1780.822,400.0781,29,0.1
2015-11-16,5,10,1355.9285,137.5582,36,0.065
2015-11-17,7,13,11544.274,1954.1346,58,0.08461538461538462
2015-11-18,9,20,3406.855,-347.5227,76,0.36
2015-11-19,7,13,7226.086,1979.1982,51,0.03076923076923077
2015-11-20,1,4,907.5600000000001,251.172,16,0.05
2015-11-21,4,9,1249.622,378.16990000000004,24,0.044444444444444446
2015-11-22,5,8,1103.298,461.8921,30,0.2
2015-11-23,7,12,1363.28,-105.23839999999998,36,0.24166666666666667
2015-11-24,11,19,5578.606,-97.35739999999998,75,0.14736842105263157
2015-11-25,6,16,4415.695,148.62720000000002,58,0.15625
2015-11-26,5,14,1705.99,-62.161199999999994,52,0.14285714285714285
2015-11-27,2,2,203.66,41.296,7,0.0
2015-11-28,7,13,2280.83,12.473200000000002,55,0.057692307692307696
2015-11-29,4,5,649.044,104.6772,13,0.12000000000000002
2015-11-30,3,4,219.154,11.829,24,0.275
2015-12-01,6,12,5624.39,875.1448,46,0.13333333333333333
2015-12-02,6,14,1771.808,111.3749,64,0.19999999999999998
2015-12-03,2,2,505.88,146.8304,8,0.0
2015-12-04,1,1,129.98,62.3904,2,0.0
2015-12-05,7,16,2963.642,425.0408,69,0.19375
2015-12-06,5,11,1970.978,-19.019000000000013,36,0.4181818181818182
2015-12-07,4,4,548.4,201.78320000000002,17,0.0
2015-12-08,4,13,1095.12,125.9273,53,0.19230769230769232
2015-12-09,5,8,1522.652,125.75130000000001,28,0.275
2015-12-10,2,5,573.336,101.14259999999999,20,0.08
2015-12-12,5,9,4938.4045,-72.10079999999999,36,0.17222222222222222
2015-12-13,5,6,293.152,8.731399999999997,18,0.2833333333333333
2015-12-14,5,9,7641.658,2220.5215,23,0.3333333333333333
2015-12-15,4,5,1264.466,-144.732,19,0.27999999999999997
2015-12-16,8,15,4394.187,415.6424,63,0.22
2015-12-17,2,2,45.534,7.1924,7,0.35
2015-12-19,4,12,3436.7599999999998,356.95689999999996,53,0.15833333333333333
2015-12-20,10,24,6962.4400000000005,1557.0102,81,0.14583333333333334
2015-12-21,3,4,1933.44,178.26479999999998,17,0.275
2015-12-22,4,6,798.968,183.12109999999998,32,0.2333333333333333
2015-12-23,4,9,942.108,67.3794,29,0.17777777777777778
2015-12-24,5,11,1950.202,264.308,32,0.09090909090909091
2015-12-26,7,15,2041.414,-3.5973999999999933,55,0.24000000000000002
2015-12-27,9,16,2966.388,-336.32509999999996,65,0.2
2015-12-28,3,6,3732.2960000000003,706.8574,33,0.03333333333333333
2015-12-29,7,16,2072.096,568.0095,67,0.15
2015-12-30,7,13,2172.6510000000003,-594.5496,43,0.2846153846153846
2015-12-31,7,14,5253.2699999999995,1444.5131,63,0.042857142857142864
2016-01-02,2,8,1932.096,-1161.5484,29,0.25
2016-01-03,2,4,1768.2215999999999,-348.45779999999996,19,0.23
2016-01-04,2,3,264.46000000000004,104.67240000000001,22,0.0
2016-01-05,3,6,295.272,62.5086,20,0.10000000000000002
2016-01-06,1,2,31.538,7.8934,7,0.44999999999999996
2016-01-09,1,4,364.07,131.0797,13,0.0
2016-01-10,1,1,1018.104,-373.3048,4,0.4
2016-01-12,2,6,854.614,62.80479999999999,16,0.26666666666666666
2016-01-13,2,4,622.278,160.3086,18,0.05
2016-01-17,3,3,350.384,-300.0494,17,0.26666666666666666
2016-01-19,1,2,301.742,-21.712200000000003,5,0.3
2016-01-23,1,2,43.66,20.8106,5,0.0
2016-01-24,1,1,13.12,2.132,5,0.2
2016-01-26,1,1,182.72,84.0512,8,0.0
2016-01-27,2,4,3573.252,-191.64319999999998,12,0.325
2016-01-28,1,1,4297.644,-1862.3124,13,0.4
2016-01-30,2,3,2161.6400000000003,302.8533,16,0.13333333333333333
2016-01-31,1,3,99.26,38.9066,7,0.0
2016-02-03,5,6,492.836,157.4118,22,0.05000000000000001
2016-02-06,4,9,2432.544,242.1172,34,0.13333333333333336
2016-02-07,1,2,324.10999999999996,152.5909,7,0.0
2016-02-08,2,4,129.09199999999998,-19.1734,8,0.1
2016-02-09,4,5,785.5519999999999,102.3764,19,0.27999999999999997
2016-02-10,1,1,77.24,7.724,5,0.2
2016-02-14,2,7,1079.962,104.53889999999998,23,0.34285714285714286
2016-02-15,2,8,1602.38,477.3456,31,0.05
2016-02-16,2,3,160.43,74.6845,16,0.0
2016-02-18,2,3,105.844,31.6342,6,0.06666666666666667
2016-02-20,2,2,316.78000000000003,77.56439999999999,8,0.0
2016-02-21,2,2,2591.1,1294.0764,6,0.0
2016-02-22,1,1,79.36,20.6336,4,0.0
2016-02-23,1,2,37.775999999999996,10.5336,8,0.1
2016-02-25,1,2,25.869999999999997,11.736,5,0.0
2016-02-27,3,5,1159.2710000000002,52.49029999999999,27,0.24
2016-02-28,1,2,551.264,15.566400000000002,10,0.2
2016-03-01,5,7,1642.1743999999999,12.718199999999989,23,0.18857142857142858
2016-03-02,2,3,899.5699999999999,218.9629,10,0.0
2016-03-05,7,16,1969.267,-417.895,57,0.29375
2016-03-06,1,2,1555.244,473.7518,9,0.1
2016-03-07,1,4,807.54,271.4153,10,0.0
2016-03-08,4,8,2563.2960000000003,592.3805,29,0.125
2016-03-09,2,3,478.008,53.9619,10,0.20000000000000004
2016-03-10,2,2,90.93199999999999,23.2592,8,0.4
2016-03-12,2,4,51.016000000000005,9.998,12,0.2
2016-03-13,2,3,1384.856,234.4744,14,0.06666666666666667
2016-03-14,2,3,707.9000000000001,332.7422,10,0.0
2016-03-15,1,1,16.776,1.6776,3,0.2
2016-03-16,6,10,7230.209999999999,3508.0308999999997,27,0.0
2016-03-17,1,2,48.84,11.834999999999999,3,0.0
2016-03-19,7,13,5652.9396,1982.1858000000002,45,0.08615384615384616
2016-03-20,4,9,1548.194,485.71540000000005,40,0.17777777777777778
2016-03-21,1,3,1270.3790000000001,242.5149,21,0.36666666666666664
2016-03-22,5,10,2481.424,270.79810000000003,43,0.2
2016-03-23,4,6,633.302,181.08280000000002,28,0.049999999999999996
2016-03-24,3,3,412.95,-22.2494,10,0.16666666666666666
2016-03-26,4,6,4623.37,937.2579999999999,30,0.10000000000000002
2016-03-27,1,1,83.7,3.348,5,0.0
2016-03-28,3,5,243.344,59.3424,13,0.08
2016-03-29,5,8,1559.0800000000002,296.8998,30,0.025
2016-03-30,2,3,571.224,-87.9252,14,0.2333333333333333
2016-03-31,2,3,200.716,55.8143,11,0.3333333333333333
2016-04-02,4,6,299.22,-35.82450000000001,23,0.4000000000000001
2016-04-04,2,9,1484.598,384.4765,20,0.05555555555555555
2016-04-05,5,13,2974.058,-243.8141,56,0.3
2016-04-06,2,6,140.004,-0.17039999999999722,25,0.4000000000000001
2016-04-07,3,5,907.436,-1113.9491,23,0.24000000000000005
2016-04-09,3,3,757.992,133.5327,9,0.06666666666666667
2016-04-10,2,3,169.54199999999997,48.696299999999994,9,0.06666666666666667
2016-04-11,3,7,1328.346,423.987,20,0.08571428571428573
2016-04-12,1,1,40.74,0.4074,3,0.0
2016-04-13,8,15,3192.6780000000003,-38.72819999999999,40,0.14666666666666667
2016-04-14,1,1,35.208,2.6406,1,0.2
2016-04-16,5,14,4161.972,815.8418,54,0.18571428571428572
2016-04-17,2,8,2745.106,686.5088999999999,34,0.05
2016-04-18,6,18,2006.96,214.8503,57,0.17222222222222222
2016-04-19,1,2,329.96,-564.9804,6,0.8
2016-04-20,3,5,1194.726,507.1407,16,0.04
2016-04-21,1,4,893.0899999999999,228.89280000000002,13,0.0
2016-04-22,1,2,152.916,24.444300000000002,6,0.1
2016-04-24,1,1,25.99,7.5371,1,0.0
2016-04-25,5,7,920.946,118.58120000000001,23,0.09999999999999999
2016-04-26,4,10,2090.1055,-134.89960000000002,27,0.215
2016-04-27,2,5,2719.59,978.3104999999999,21,0.08
2016-04-28,2,5,4044.3619999999996,1911.4570999999999,14,0.38
2016-04-29,1,1,7.968,2.8884,2,0.2
2016-04-30,4,9,1571.695,-170.3311,40,0.1
2016-05-01,3,7,450.94,66.2234,21,0.14285714285714285
2016-05-02,1,2,167.232,16.8468,6,0.2
2016-05-03,4,13,2198.76,255.4643,45,0.16153846153846155
2016-05-04,4,4,1121.362,157.50220000000002,23,0.2
2016-05-07,2,3,305.622,-4.981000000000002,8,0.16666666666666666
2016-05-08,5,11,3981.968,1241.9831,36,0.06363636363636364
2016-05-09,1,1,48.81,23.9169,3,0.0
2016-05-10,2,3,154.442,-190.8586,11,0.4000000000000001
2016-05-11,1,1,191.968,16.7972,7,0.2
2016-05-12,5,8,1060.35,147.6039,34,0.175
2016-05-13,1,2,238.384,22.278799999999997,6,0.2
2016-05-14,3,12,3141.1994999999997,320.8918,46,0.24583333333333332
2016-05-15,2,2,69.908,-1.6029999999999998,5,0.1
2016-05-16,1,1,255.968,31.996,4,0.2
2016-05-17,2,4,134.46800000000002,-13.745200000000004,22,0.25
2016-05-18,1,1,10.86,5.3214,2,0.0
2016-05-20,1,2,169.54399999999998,15.479199999999999,8,0.44999999999999996
2016-05-21,3,3,72.332,-62.22239999999999,14,0.5666666666666667
2016-05-22,1,4,3862.0980000000004,425.8189,22,0.1
2016-05-23,4,6,1304.956,367.8272,31,0.16666666666666666
2016-05-24,1,2,610.3069999999999,-176.59189999999998,13,0.55
2016-05-25,5,8,1739.4180000000001,265.8343,36,0.125
2016-05-26,3,8,982.5640000000001,9.36,23,0.225
2016-05-28,4,9,794.146,244.0794,30,0.022222222222222223
2016-05-29,4,8,1204.842,166.11509999999998,31,0.1375
2016-05-30,2,4,681.1,87.6252,12,0.0
2016-05-31,8,17,5178.138,1228.906,76,0.11764705882352941
2016-06-01,3,7,834.1980000000001,300.47860000000003,37,0.14285714285714285
2016-06-04,3,6,1192.31,464.8084,16,0.0
2016-06-05,2,2,1533.1979999999999,173.934,11,0.05
2016-06-07,2,4,59.768,0.49799999999999867,17,0.32499999999999996
2016-06-08,2,9,1083.112,-296.34939999999995,40,0.3222222222222222
2016-06-09,4,7,797.116,86.0064,25,0.2571428571428571
2016-06-11,2,13,3373.5640000000003,-60.60040000000001,47,0.2
2016-06-12,4,5,174.476,27.745800000000003,15,0.12000000000000002
2016-06-13,5,10,1128.898,395.69410000000005,28,0.04
2016-06-14,1,1,51.072,5.1072,6,0.2
2016-06-15,3,6,734.144,-20.1443,18,0.20000000000000004
2016-06-16,3,6,3443.904,1173.3926,15,0.18333333333333335
2016-06-18,5,14,1883.087,344.1388,46,0.2214285714285714
2016-06-19,4,6,446.346,101.6172,15,0.20000000000000004
2016-06-20,3,4,829.544,255.459,18,0.15000000000000002
2016-06-21,1,1,107.976,37.7916,3,0.2
2016-06-22,3,3,2018.953,-66.72129999999999,13,0.2333333333333333
2016-06-23,3,7,836.9580000000001,154.5192,19,0.08571428571428573
2016-06-25,4,10,857.08,88.38629999999999,37,0.24
2016-06-26,4,7,1592.1960000000001,308.0027,30,0.05714285714285715
2016-06-28,3,6,1386.466,-225.4028,22,0.18333333333333335
2016-06-29,4,4,432.92600000000004,87.1955,8,0.07500000000000001
2016-07-02,5,13,1631.902,-50.82449999999999,46,0.2846153846153846
2016-07-03,2,5,823.982,179.01670000000001,17,0.12000000000000002
2016-07-04,3,3,1138.288,297.9044,9,0.06666666666666667
2016-07-05,4,7,121.646,8.635100000000001,23,0.24285714285714285
2016-07-06,4,7,1379.812,275.76300000000003,24,0.028571428571428574
2016-07-08,1,1,21.12,6.6,5,0.2
2016-07-09,5,14,1587.114,416.8136,54,0.1
2016-07-10,2,2,43.286,10.73,5,0.44999999999999996
2016-07-11,3,11,1941.952,268.62969999999996,52,0.2545454545454545
2016-07-12,2,8,2052.567,140.7015,32,0.3375
2016-07-13,3,5,2033.2559999999999,282.9552,25,0.22000000000000003
2016-07-14,1,4,860.9159999999999,-200.0,15,0.325
2016-07-16,3,7,3029.386,203.53549999999998,36,0.05714285714285715
2016-07-17,3,4,448.082,-2.536199999999999,14,0.1875
2016-07-18,3,5,672.418,218.4631,10,0.04
2016-07-19,1,1,2.025,-1.35,1,0.7
2016-07-20,2,10,2693.168,109.84819999999999,41,0.16
2016-07-23,2,3,208.272,74.601,9,0.06666666666666667
2016-07-24,1,4,525.95,174.0094,32,0.0
2016-07-25,4,8,2395.024,200.3711,31,0.1375
2016-07-26,5,7,969.225,-71.34029999999998,24,0.18571428571428572
2016-07-27,1,1,29.97,0.2997,3,0.0
2016-07-30,3,5,443.802,143.9366,23,0.08
2016-07-31,3,5,3712.162,601.8855,26,0.08
2016-08-01,1,2,1011.696,-172.5108,10,0.1
2016-08-02,3,7,1290.478,-37.160499999999985,16,0.1285714285714286
2016-08-05,1,4,72.65,-19.77,16,0.45
2016-08-06,2,5,494.86920000000003,-81.3505,16,0.34400000000000003
2016-08-07,6,8,968.206,245.8333,35,0.07500000000000001
2016-08-08,3,7,840.102,300.0444,17,0.08571428571428573
2016-08-09,5,17,4878.392000000001,1061.5805,55,0.047058823529411764
2016-08-10,3,7,851.4739999999999,85.2067,28,0.08571428571428573
2016-08-11,2,3,196.112,49.7245,7,0.06666666666666667
2016-08-13,6,6,586.896,55.8385,25,0.06666666666666667
2016-08-15,2,3,497.59000000000003,108.5013,12,0.0
2016-08-16,3,13,3378.9320000000002,1.612099999999998,46,0.3153846153846154
2016-08-17,2,5,381.64,0.48239999999999483,25,0.16
2016-08-21,5,16,2827.52,-147.18779999999998,55,0.190625
2016-08-22,2,2,66.632,23.8856,10,0.1
2016-08-23,2,11,1202.278,359.4773,46,0.1272727272727273
2016-08-24,6,14,7194.775000000001,1469.2684,62,0.20714285714285713
2016-08-25,2,5,178.52599999999998,7.6544000000000025,13,0.44000000000000006
2016-08-27,3,5,639.9739999999999,156.9759,13,0.04
2016-08-28,4,10,6491.293,1420.1491999999998,48,0.125
2016-08-29,1,2,246.5,47.0866,9,0.0
2016-08-31,4,7,2601.797,420.4669,34,0.13571428571428573
2016-09-01,2,7,2367.564,751.9428,21,0.08571428571428573
2016-09-03,8,14,1874.898,182.8788,40,0.1
2016-09-04,4,7,1071.284,252.03900000000002,23,0.22857142857142856
2016-09-05,4,9,934.1030000000001,-31.056399999999996,39,0.25555555555555554
2016-09-06,8,10,1005.654,301.3426,30,0.12
2016-09-07,7,14,2922.667,-39.06219999999999,51,0.2357142857142857
2016-09-08,2,3,89.64,20.834400000000002,19,0.0
2016-09-10,7,9,1415.726,283.659,35,0.03333333333333333
2016-09-11,5,13,1962.13,467.95910000000003,52,0.015384615384615385
2016-09-12,3,9,707.824,119.3676,21,0.022222222222222223
2016-09-13,6,14,3445.772,705.9921,54,0.16428571428571428
2016-09-14,5,7,3262.42,720.4735000000001,33,0.08571428571428573
2016-09-15,5,14,2535.85,539.7909999999999,44,0.15
2016-09-16,1,1,31.12,14.6264,4,0.0
2016-09-17,7,23,11525.006,-1194.2832,86,0.23478260869565218
2016-09-18,6,14,3924.32,778.9322,62,0.014285714285714287
2016-09-19,6,6,500.38,194.7992,30,0.0
2016-09-20,5,7,1836.052,-905.3418,37,0.3
2016-09-21,7,20,6982.058,1297.1822,75,0.06
2016-09-22,5,11,1783.504,29.083499999999994,33,0.17272727272727273
2016-09-24,10,19,4220.594,1176.435,70,0.14210526315789473
2016-09-25,11,21,3033.757,858.6825,59,0.16666666666666666
2016-09-26,7,20,3722.273,672.7522,93,0.265
2016-09-27,5,10,2382.958,722.861,42,0.13999999999999999
2016-09-28,4,11,1058.364,287.2722,33,0.13636363636363635
2016-10-01,4,6,1158.414,169.7002,21,0.2333333333333333
2016-10-02,9,15,1269.266,290.7676,62,0.14
2016-10-03,3,6,275.218,-20.209200000000003,14,0.325
2016-10-04,3,4,505.58,63.985,12,0.1
2016-10-05,5,7,851.092,-21.2928,23,0.1857142857142857
2016-10-08,3,3,222.12,-7.664499999999997,10,0.26666666666666666
2016-10-09,5,12,2133.5350000000003,561.5941,48,0.15
2016-10-10,4,5,2248.194,-354.44759999999997,22,0.12000000000000002
2016-10-11,2,3,1011.8955,-378.2781,8,0.21666666666666667
2016-10-12,4,11,2390.758,312.5428,40,0.07272727272727274
2016-10-13,1,2,371.65999999999997,101.18539999999999,10,0.0
2016-10-15,5,8,3219.554,-332.0803,33,0.3125
2016-10-16,1,1,824.97,214.4922,3,0.0
2016-10-17,1,1,77.88,3.894,2,0.0
2016-10-18,2,5,378.494,-155.4814,17,0.24
2016-10-19,4,6,2135.09,633.5718,23,0.13333333333333333
2016-10-20,3,5,720.086,155.3014,21,0.04
2016-10-22,2,2,15.128,-6.768800000000001,5,0.5
2016-10-23,5,15,2262.296,352.1441,59,0.2
2016-10-24,3,5,831.145,-140.5054,24,0.33999999999999997
2016-10-25,4,6,1425.412,96.3891,24,0.06666666666666667
2016-10-26,3,8,1395.333,-59.06619999999998,37,0.2375
2016-10-28,1,4,104.51,36.8692,16,0.0
2016-10-29,1,2,244.24,119.3436,9,0.0
2016-10-30,4,7,2122.044,550.7929,21,0.18571428571428572
2016-10-31,5,17,3211.009,630.5869,67,0.06764705882352942
2016-11-01,7,12,3106.1059999999998,922.0565,35,0.06666666666666667
2016-11-02,7,11,5528.551,759.3803000000001,59,0.17727272727272728
2016-11-03,3,5,2800.846,371.9472,25,0.1
2016-11-05,7,8,834.874,113.243,33,0.2375
2016-11-06,1,2,11.481,-1.0427999999999997,6,0.44999999999999996
2016-11-07,7,14,3073.073,-957.6868000000001,56,0.31428571428571433
2016-11-08,11,27,12196.997,4006.6367,113,0.0962962962962963
2016-11-09,6,13,4620.2919999999995,1442.5109,47,0.015384615384615385
2016-11-10,4,8,3536.904,929.965,25,0.025
2016-11-11,1,2,542.178,163.9204,9,0.05
2016-11-12,4,11,1127.992,23.462500000000006,37,0.2545454545454545
2016-11-13,10,21,3591.0771999999997,205.9851,96,0.1842857142857143
2016-11-14,6,13,2512.71,573.2891,40,0.09230769230769233
2016-11-15,4,8,702.17,-37.52529999999999,47,0.2625
2016-11-16,5,12,4072.334,884.1846,45,0.09999999999999999
2016-11-17,3,11,3885.986,617.7707,47,0.05454545454545456
2016-11-19,3,4,1040.784,283.25960000000003,12,0.05
2016-11-20,13,25,2861.15,-224.60039999999998,102,0.24
2016-11-21,8,21,3613.5748,-209.56779999999998,78,0.26761904761904765
2016-11-22,9,14,614.499,-68.5681,52,0.3
2016-11-23,3,10,3450.1879999999996,960.7959999999999,39,0.12
2016-11-24,3,10,1218.7640000000001,388.796,49,0.06000000000000001
2016-11-25,1,1,13.12,1.476,5,0.2
2016-11-26,3,6,1484.0819999999999,492.1915,27,0.03333333333333333
2016-11-27,8,17,3109.7835,62.72519999999997,60,0.0911764705882353
2016-11-28,8,13,1864.482,118.693,58,0.1846153846153846
2016-11-29,5,10,2760.168,578.8302,43,0.13
2016-11-30,8,15,1798.3970000000002,72.6601,65,0.25333333333333335
2016-12-01,7,14,7130.594,953.109,62,0.08571428571428572
2016-12-03,7,12,1972.645,-105.91659999999997,41,0.2625
2016-12-04,7,16,5185.814,-182.66040000000012,72,0.13125
2016-12-05,8,12,897.322,217.53660000000002,38,0.15
2016-12-06,12,24,6061.502,931.106,110,0.15
2016-12-07,5,9,1338.298,382.4588,29,0.044444444444444446
2016-12-08,4,6,2672.728,342.77450000000005,31,0.13333333333333333
2016-12-09,1,1,34.02,16.6698,3,0.0
2016-12-10,8,20,3080.38,761.9428,70,0.06
2016-12-11,7,18,1590.894,-70.1326,71,0.25555555555555554
2016-12-12,8,14,1448.854,390.1145,47,0.042857142857142864
2016-12-13,4,9,1023.386,175.9253,27,0.044444444444444446
2016-12-14,8,12,858.304,132.4591,28,0.08333333333333333
2016-12-15,4,9,5494.796,-1524.4945,37,0.2111111111111111
2016-12-16,1,1,4.98,2.3406,1,0.0
2016-12-17,3,12,1918.492,327.5589,43,0.11666666666666665
2016-12-18,5,7,935.288,-84.30699999999999,37,0.17142857142857146
2016-12-19,7,14,6120.656,1201.565,52,0.12142857142857144
2016-12-20,8,11,1107.464,66.4668,28,0.15454545454545457
2016-12-21,6,11,3257.7599999999998,679.7548,49,0.20909090909090908
2016-12-22,2,3,473.313,6.6432,13,0.16666666666666666
2016-12-23,1,1,194.32,56.3528,4,0.0
2016-12-24,7,19,7484.566000000001,1414.2555999999997,80,0.2157894736842105
2016-12-25,8,16,4204.968,906.1599,47,0.0625
2016-12-26,4,4,561.486,4.522199999999998,15,0.175
2016-12-27,10,22,5148.4472,82.69459999999998,95,0.13727272727272727
2016-12-28,2,2,79.2,2.9105999999999996,4,0.2
2016-12-29,1,1,6.36,0.0636,2,0.0
2016-12-30,1,5,3251.34,490.6038,18,0.08
2016-12-31,5,11,1381.344,438.4882,49,0.2
2017-01-02,1,2,405.91999999999996,105.541,5,0.0
2017-01-03,3,6,2095.83,386.48600000000005,21,0.10000000000000002
2017-01-04,2,3,1069.22,40.402,11,0.3666666666666667
2017-01-05,1,3,255.904,46.4568,10,0.20000000000000004
2017-01-07,2,3,83.576,8.1391,9,0.26666666666666666
2017-01-08,2,5,1859.1580000000001,449.1403,25,0.22000000000000003
2017-01-09,2,3,743.0459999999999,264.498,16,0.13333333333333333
2017-01-10,2,3,174.75,55.365300000000005,11,0.0
2017-01-11,2,4,149.444,25.083399999999997,22,0.25
2017-01-14,1,2,405.344,64.046,10,0.2
2017-01-15,4,8,701.923,196.1224,26,0.0625
2017-01-16,1,2,102.21799999999999,15.996500000000001,5,0.1
2017-01-17,2,4,1040.55,176.2682,11,0.0
2017-01-21,1,2,1167.056,70.25280000000001,9,0.2
2017-01-22,7,11,917.63,23.530900000000003,48,0.1272727272727273
2017-01-23,2,4,1732.3,474.03679999999997,28,0.0
2017-01-24,1,1,31.36,15.68,4,0.0
2017-01-25,2,6,858.712,-65.8542,24,0.10000000000000002
2017-01-28,1,1,39.68,10.3168,2,0.0
2017-01-30,5,10,3107.316,-284.2246,41,0.22999999999999998
2017-01-31,4,6,1601.5539999999999,747.5398,20,0.06666666666666667
2017-02-01,2,2,161.97,63.2162,9,0.0
2017-02-02,3,5,8996.784,2753.7110000000002,24,0.12
2017-02-03,1,1,866.4,225.264,4,0.0
2017-02-04,3,3,197.868,31.1968,6,0.06666666666666667
2017-02-05,2,15,2994.476,721.2766,55,0.02666666666666667
2017-02-06,1,1,132.224,-18.1808,4,0.2
2017-02-07,3,4,762.142,74.2225,14,0.1
2017-02-08,2,2,1369.476,126.8973,7,0.25
2017-02-09,1,2,121.83,50.73779999999999,5,0.0
2017-02-11,1,1,69.93,0.6993,7,0.0
2017-02-12,1,2,1366.04,182.99800000000002,10,0.0
2017-02-13,1,1,146.82,73.41,3,0.0
2017-02-14,2,5,837.921,30.374700000000004,20,0.06
2017-02-15,1,2,407.072,128.0602,7,0.1
2017-02-16,4,9,1135.638,-71.02680000000001,27,0.17777777777777778
2017-02-19,3,5,392.65999999999997,68.4625,13,0.0
2017-02-20,1,1,16.496,5.5674,2,0.2
2017-02-21,4,11,1524.126,207.6645,42,0.18181818181818182
2017-02-22,2,4,983.17,213.2609,18,0.05
2017-02-23,1,1,57.576,21.591,3,0.2
2017-02-25,1,1,46.72,17.52,5,0.2
2017-02-27,3,3,243.892,71.0836,8,0.19999999999999998
2017-02-28,2,2,147.584,26.5728,13,0.1
2017-03-01,2,5,6285.8060000000005,2267.4251,20,0.12000000000000002
2017-03-03,6,15,7264.422,-383.7433,59,0.14666666666666667
2017-03-04,4,4,315.45,130.24790000000002,10,0.05
2017-03-05,1,2,162.344,49.594300000000004,4,0.2
2017-03-06,2,7,811.303,-389.1555,20,0.6
2017-03-07,1,1,21.072,1.5804,3,0.2
2017-03-08,6,13,2190.81,216.5398,54,0.24615384615384617
2017-03-09,2,5,635.6,212.0786,18,0.0
2017-03-10,5,7,7879.734,745.8323,22,0.14285714285714285
2017-03-11,4,6,896.0219999999999,162.76579999999998,18,0.08333333333333333
2017-03-12,4,7,1694.6419999999998,167.7573,24,0.028571428571428574
2017-03-13,6,20,8866.882,-543.3346,70,0.275
2017-03-14,5,7,669.3679999999999,6.704199999999999,28,0.18857142857142858
2017-03-15,4,7,2356.808,61.35689999999997,37,0.24285714285714288
2017-03-17,4,7,2360.3340000000003,708.7041,21,0.028571428571428574
2017-03-18,2,2,1061.682,-7.760999999999996,6,0.30000000000000004
2017-03-19,3,4,138.68,-105.7262,9,0.35
2017-03-20,4,7,928.311,163.19510000000002,23,0.21428571428571427
2017-03-21,2,5,645.7059999999999,-4.161,13,0.36
2017-03-22,2,2,226.46800000000002,34.0216,9,0.1
2017-03-24,3,4,745.774,-204.0048,10,0.225
2017-03-25,2,2,1346.97,262.4715,8,0.0
2017-03-26,3,5,682.246,20.501699999999996,19,0.12000000000000002
2017-03-27,1,3,92.69999999999999,35.8254,7,0.0
2017-03-28,2,3,125.30000000000001,11.6594,7,0.0
2017-03-29,3,9,2659.339,-8.992899999999999,48,0.2222222222222222
2017-03-30,1,1,11.34,5.5566,1,0.0
2017-03-31,2,3,640.762,-4.970700000000008,11,0.23333333333333336
2017-04-01,7,17,2161.48,485.77099999999996,61,0.052941176470588235
2017-04-02,1,1,1454.9,378.274,5,0.0
2017-04-03,3,4,441.198,66.833,20,0.22499999999999998
2017-04-04,3,6,970.194,256.3547,15,0.03333333333333333
2017-04-05,2,3,1046.3339999999998,-177.3102,14,0.26666666666666666
2017-04-06,1,1,1294.75,336.635,5,0.0
2017-04-07,5,6,1970.574,546.7635,16,0.11666666666666668
2017-04-08,8,18,2906.404,-1680.9997,76,0.13333333333333333
2017-04-09,3,4,1115.197,156.4469,18,0.0875
2017-04-10,4,8,950.594,158.16819999999998,32,0.1625
2017-04-12,4,11,1542.53,59.4319,34,0.1272727272727273
2017-04-13,1,1,6.12,2.8764,3,0.0
2017-04-14,4,5,1466.572,171.6586,20,0.12000000000000002
2017-04-15,4,8,2201.8559999999998,63.0073,33,0.2375
2017-04-16,4,7,9335.086000000001,2434.1032,31,0.05714285714285715
2017-04-17,4,5,421.08500000000004,57.511399999999995,22,0.15
2017-04-18,4,9,2514.538,-61.6424,29,0.16666666666666666
2017-04-19,3,15,1414.132,194.7754,47,0.09333333333333334
2017-04-21,3,6,271.616,-174.74280000000002,31,0.3333333333333333
2017-04-22,5,10,1765.4650000000001,-826.5596,37,0.2
2017-04-23,4,8,720.368,244.18,35,0.15000000000000002
2017-04-24,3,5,1607.1,218.48399999999998,15,0.3
2017-04-25,1,3,108.42,-37.9432,7,0.6
2017-04-26,1,1,434.646,62.7822,3,0.1
2017-04-28,4,5,486.672,27.9565,14,0.27999999999999997
2017-04-30,3,3,142.208,14.999600000000001,12,0.3333333333333333
2017-05-01,2,6,517.866,-75.2426,13,0.21666666666666667
2017-05-02,6,12,1098.136,58.1074,42,0.1416666666666667
2017-05-03,2,9,1099.013,-309.4466,31,0.3888888888888889
2017-05-05,8,12,2701.28,449.31120000000004,40,0.15
2017-05-06,4,7,236.96,49.6633,20,0.2285714285714286
2017-05-07,1,6,4835.976,1322.131,32,0.05000000000000001
2017-05-08,3,7,1340.2440000000001,154.6985,16,0.14285714285714285
2017-05-09,7,12,1283.512,9.50859999999999,48,0.2833333333333334
2017-05-10,3,3,763.0200000000001,-115.75080000000001,6,0.20000000000000004
2017-05-11,1,1,5.98,2.691,1,0.0
2017-05-12,5,7,918.878,367.18829999999997,25,0.028571428571428574
2017-05-14,3,9,455.93,40.857499999999995,37,0.36666666666666664
2017-05-15,4,6,648.9119999999999,273.3048,26,0.18333333333333332
2017-05-16,3,4,880.4599999999999,41.601,20,0.0
2017-05-17,3,9,346.922,16.380900000000004,36,0.35555555555555557
2017-05-18,1,2,122.22,34.8606,6,0.0
2017-05-19,5,9,1582.008,325.799,42,0.044444444444444446
2017-05-20,4,5,2471.913,328.29929999999996,23,0.36
2017-05-21,5,7,2718.2140000000004,271.2109,31,0.31428571428571433
2017-05-22,3,8,1799.2,386.2747,29,0.0625
2017-05-23,4,7,10560.978000000001,1262.1899999999998,23,0.27142857142857146
2017-05-24,2,3,277.756,115.4542,12,0.06666666666666667
2017-05-25,1,3,1311.97,167.6508,15,0.0
2017-05-26,6,18,1975.356,70.63059999999999,58,0.1277777777777778
2017-05-27,3,7,5305.078,989.5656,27,0.19999999999999998
2017-05-28,5,10,2137.324,305.5458,56,0.1
2017-05-29,2,5,1063.185,291.9959,18,0.22000000000000003
2017-05-30,10,25,8090.578,1777.9959000000001,109,0.168
2017-05-31,2,6,438.85900000000004,49.669599999999996,21,0.25
2017-06-02,2,4,157.844,23.579600000000003,19,0.15000000000000002
2017-06-03,1,1,71.088,-1.7772,2,0.2
2017-06-04,3,12,2316.5229999999997,-29.897700000000018,38,0.2583333333333333
2017-06-05,4,8,659.82,121.3312,30,0.07500000000000001
2017-06-06,7,17,6026.312,1049.4815,67,0.058823529411764705
2017-06-07,3,4,51.562,22.9219,13,0.1
2017-06-09,4,4,1688.4720000000002,179.1381,11,0.225
2017-06-10,2,4,1412.3960000000002,-183.5896,19,0.1
2017-06-11,4,8,1623.416,237.9551,40,0.325
2017-06-12,8,22,2962.563,282.5019,94,0.17272727272727273
2017-06-13,3,3,430.43800000000005,114.93530000000001,8,0.06666666666666667
2017-06-14,6,10,3457.099,326.6274,38,0.16499999999999998
2017-06-15,1,1,173.488,54.215,7,0.2
2017-06-16,3,3,147.27499999999998,24.491,9,0.16666666666666666
2017-06-17,7,18,3000.92,277.3227,60,0.06944444444444445
2017-06-18,2,4,541.938,115.9074,9,0.325
2017-06-19,1,1,17.12,8.0464,2,0.0
2017-06-20,6,17,1229.548,153.8827,59,0.12352941176470589
2017-06-21,2,4,577.108,27.759200000000003,14,0.35000000000000003
2017-06-23,4,11,2475.094,345.1115,48,0.018181818181818184
2017-06-24,4,6,5310.952,720.6928,23,0.19999999999999998
2017-06-25,3,6,893.266,-112.1216,20,0.35000000000000003
2017-06-26,9,16,1919.6000000000001,428.856,57,0.025
2017-06-27,2,3,778.7059999999999,17.0654,12,0.2333333333333333
2017-06-28,3,8,877.156,226.2909,20,0.07500000000000001
2017-06-29,1,1,191.88,19.188,6,0.0
2017-06-30,2,3,1352.9499999999998,300.4632,17,0.06666666666666667
2017-07-01,4,8,1724.376,545.6346,25,0.025
2017-07-02,3,4,772.786,37.1906,16,0.175
2017-07-03,3,4,847.6999999999999,242.94580000000002,16,0.05
2017-07-04,2,7,1651.301,293.19010000000003,27,0.07857142857142858
2017-07-07,6,15,3882.2309999999998,1007.9792,59,0.26
2017-07-08,5,11,2616.512,243.60909999999998,41,0.2727272727272727
2017-07-09,1,2,573.286,87.40960000000001,6,0.05
2017-07-10,4,5,895.895,-370.0612,18,0.4
2017-07-12,1,1,95.76,7.182,6,0.2
2017-07-14,10,18,2149.96,350.7695,79,0.1
2017-07-15,2,3,380.2,69.75399999999999,13,0.13333333333333333
2017-07-16,4,12,910.17,-65.54599999999999,44,0.16666666666666666
2017-07-17,5,17,2184.88,625.6817,51,0.023529411764705882
2017-07-18,6,12,2891.858,99.531,46,0.225
2017-07-19,2,8,1536.454,500.51,29,0.025
2017-07-20,1,1,89.95,43.176,5,0.0
2017-07-21,4,9,991.095,205.74800000000002,27,0.26666666666666666
2017-07-22,5,12,1368.048,276.6497,43,0.03333333333333333
2017-07-23,4,10,654.587,-99.43889999999999,31,0.35
2017-07-24,2,2,326.964,52.2436,7,0.05
2017-07-25,10,19,5920.488,1109.2371,90,0.0736842105263158
2017-07-28,4,8,2033.374,-1307.0702,36,0.325
2017-07-29,3,4,819.154,-12.0947,13,0.44999999999999996
2017-07-30,3,4,1770.7759999999998,219.9664,11,0.30000000000000004
2017-07-31,2,5,2174.1580000000004,268.6809,19,0.06000000000000001
2017-08-01,3,4,1124.648,114.5336,8,0.15000000000000002
2017-08-02,1,3,482.584,53.413799999999995,7,0.20000000000000004
2017-08-03,1,2,248.82,61.742999999999995,15,0.0
2017-08-04,3,8,497.90999999999997,98.0654,27,0.17500000000000002
2017-08-05,1,1,197.05,59.115,7,0.0
2017-08-06,3,3,320.38800000000003,67.5102,15,0.06666666666666667
2017-08-07,1,1,179.97,86.3856,3,0.0
2017-08-08,4,7,1115.204,180.92660000000004,25,0.1142857142857143
2017-08-09,2,5,661.3539999999999,67.22460000000001,23,0.4
2017-08-11,1,3,151.82,70.48519999999999,14,0.0
2017-08-12,6,7,3951.9605,14.874599999999973,29,0.19285714285714287
2017-08-13,5,10,731.524,-82.30520000000001,34,0.19
2017-08-14,3,6,923.688,-8.073799999999999,21,0.23333333333333336
2017-08-15,5,10,1680.2659999999998,175.2732,32,0.16999999999999998
2017-08-16,3,3,204.54000000000002,32.7522,10,0.06666666666666667
2017-08-17,1,1,15.712,5.6956,4,0.2
2017-08-18,4,6,496.114,132.1081,26,0.3666666666666667
2017-08-19,1,3,448.792,154.1413,13,0.20000000000000004
2017-08-20,1,1,14.78,3.9906,2,0.0
2017-08-21,5,12,4798.2919999999995,18.43179999999998,64,0.15833333333333335
2017-08-22,6,8,405.35,46.673,24,0.35
2017-08-23,4,16,4187.348,230.88450000000003,73,0.0875
2017-08-26,12,20,4874.298,748.6752,69,0.075
2017-08-27,4,13,767.9110000000001,196.3329,46,0.13076923076923078
2017-08-28,3,6,322.0248,-89.6447,29,0.5033333333333333
2017-08-29,4,9,632.188,-121.17699999999999,37,0.3333333333333333
2017-08-30,2,7,1656.8700000000001,-258.3628,34,0.2857142857142857
2017-08-31,1,1,23.968,2.3968,2,0.2
2017-09-01,6,20,5766.152,1896.7402,65,0.065
2017-09-02,10,26,6792.193,750.1167,101,0.21153846153846154
2017-09-03,9,13,2365.596,-755.7506,59,0.23076923076923078
2017-09-04,8,18,4532.0419999999995,1464.5007999999998,60,0.07777777777777778
2017-09-05,19,38,5226.348,425.51540000000006,145,0.21052631578947367
2017-09-06,5,8,1313.536,204.6418,23,0.2125
2017-09-08,10,21,4493.9836000000005,-375.6300000000001,67,0.16285714285714287
2017-09-09,3,3,84.992,12.161600000000004,10,0.3333333333333333
2017-09-10,6,11,2094.324,250.43040000000002,35,0.13636363636363635
2017-09-11,9,17,6501.586,1353.6502,67,0.20588235294117646
2017-09-12,6,15,2043.792,452.80740000000003,47,0.09333333333333334
2017-09-13,1,10,2374.73,696.2947,46,0.0
2017-09-14,2,3,1137.338,396.3846,9,0.06666666666666667
2017-09-15,5,7,2101.1820000000002,601.9099000000001,27,0.1142857142857143
2017-09-16,3,4,425.88599999999997,28.4618,10,0.0375
2017-09-17,9,14,2043.126,492.82030000000003,44,0.07142857142857142
2017-09-18,8,15,4751.082,359.346,46,0.15
2017-09-19,9,16,3839.312,936.4,59,0.10625000000000001
2017-09-20,5,10,1232.004,377.3806,34,0.08
2017-09-22,11,14,615.57,156.2421,64,0.15
2017-09-23,7,13,1322.145,92.7765,51,0.16153846153846155
2017-09-24,8,12,2286.05,-556.9555,47,0.14166666666666666
2017-09-25,8,20,3443.091,335.5552,73,0.14750000000000002
2017-09-26,10,17,2698.1665,-415.53189999999995,58,0.20882352941176469
2017-09-27,4,5,1992.9858,-88.5602,18,0.244
2017-09-28,1,1,99.136,30.98,4,0.2
2017-09-29,8,10,1307.792,235.4062,40,0.08
2017-09-30,2,2,525.884,-29.436600000000002,7,0.5
2017-10-01,5,8,781.414,-42.7895,28,0.2375
2017-10-02,3,7,18452.972,8738.797100000002,27,0.09999999999999999
2017-10-03,4,7,1680.696,224.53379999999999,23,0.15714285714285717
2017-10-04,4,7,5912.782,2658.3198,28,0.1285714285714286
2017-10-06,2,5,830.4000000000001,-947.1071000000001,24,0.45999999999999996
2017-10-07,5,5,973.712,79.408,21,0.12000000000000002
2017-10-08,4,4,561.5360000000001,-51.990399999999994,21,0.25
2017-10-09,3,5,546.92,-34.4084,15,0.24000000000000005
2017-10-10,3,7,282.75300000000004,-219.8989,16,0.4857142857142857
2017-10-11,1,2,33.064,4.133,5,0.2
2017-10-13,4,19,1650.618,-397.06269999999995,77,0.15263157894736845
2017-10-14,4,10,3335.888,981.537,29,0.12000000000000002
2017-10-15,3,13,1620.15,598.9409999999999,63,0.015384615384615385
2017-10-16,1,1,142.182,-37.9152,1,0.4
2017-10-17,4,6,2953.346,1160.731,19,0.05833333333333333
2017-10-18,1,1,307.92,-34.641,5,0.2
2017-10-20,6,10,946.174,127.6613,42,0.13
2017-10-21,12,21,7951.592,1763.4706,91,0.11904761904761904
2017-10-22,3,5,188.28,57.2658,16,0.0
2017-10-23,3,4,467.42199999999997,192.20020000000002,25,0.2
2017-10-24,5,6,1365.498,314.03589999999997,18,0.06666666666666667
2017-10-25,1,1,783.96,78.396,5,0.2
2017-10-27,5,9,978.7900000000001,237.815,40,0.07777777777777778
2017-10-28,8,17,2899.0209999999997,255.01780000000002,70,0.1823529411764706
2017-10-29,3,4,131.154,39.4184,12,0.05
2017-10-30,3,4,159.002,46.9478,12,0.05
2017-10-31,5,8,3750.4990000000003,450.3262,34,0.0875
2017-11-01,3,4,453.374,149.3042,17,0.1
2017-11-03,8,24,3802.7960000000003,696.3602000000001,97,0.1125
2017-11-04,10,20,3888.8179999999998,-57.334900000000005,78,0.2
2017-11-05,9,19,4266.8988,62.055100000000024,71,0.19052631578947368
2017-11-06,3,7,773.2560000000001,60.8782,16,0.14285714285714285
2017-11-07,11,19,3810.464,635.1252,57,0.11578947368421054
2017-11-08,1,2,993.9000000000001,261.49559999999997,5,0.0
2017-11-09,1,1,479.97,177.5889,3,0.0
2017-11-10,14,35,4723.478,1081.5284,144,0.12857142857142856
2017-11-11,9,19,4944.296,496.0179,66,0.13157894736842105
2017-11-12,5,16,4914.938,170.3252,73,0.24375
2017-11-13,9,13,2945.138,789.1702,47,0.09230769230769233
2017-11-14,9,16,2774.0620000000004,424.111,42,0.1125
2017-11-15,4,5,2145.718,262.99010000000004,17,0.2
2017-11-16,2,2,36.72,16.156,10,0.1
2017-11-17,3,4,142.684,28.9717,15,0.15000000000000002
2017-11-18,8,12,3958.9320000000002,781.102,40,0.125
2017-11-19,7,18,638.462,111.7505,69,0.21111111111111114
2017-11-20,10,22,3070.333,508.7926,87,0.20909090909090908
2017-11-21,7,12,1176.891,150.9536,42,0.18333333333333335
2017-11-22,4,10,317.044,80.365,44,0.26
2017-11-23,1,3,100.61599999999999,18.6496,14,0.20000000000000004
2017-11-24,13,27,6394.5380000000005,1246.1061,94,0.13333333333333333
2017-11-25,7,12,7978.551,-6247.3969,53,0.16666666666666666
2017-11-26,9,16,8329.743,1776.8757,77,0.171875
2017-11-27,8,14,1651.239,209.4244,57,0.11071428571428572
2017-11-28,4,11,3428.372,320.30299999999994,48,0.22727272727272727
2017-11-29,2,2,300.592,-285.9254,6,0.4
2017-11-30,2,5,970.142,85.6643,17,0.04
2017-12-01,12,23,7365.455,1652.8648,89,0.09130434782608696
2017-12-02,7,17,4684.616,992.4431999999999,78,0.08941176470588236
2017-12-03,6,16,5269.816,1065.8562,60,0.109375
2017-12-04,4,9,944.2860000000001,146.7888,24,0.044444444444444446
2017-12-05,10,16,5267.004,1468.7368999999999,70,0.037500000000000006
2017-12-06,4,18,3878.276,1017.2351,93,0.12222222222222223
2017-12-08,8,15,4709.095,146.9703,65,0.16666666666666666
2017-12-09,9,17,1855.483,340.0393,58,0.18823529411764706
2017-12-10,8,14,3459.71,1020.2983,64,0.042857142857142864
2017-12-11,9,28,6102.25,425.9722,112,0.14642857142857144
2017-12-12,5,13,1981.115,482.0632,61,0.06923076923076922
2017-12-13,3,4,1194.088,72.15540000000001,13,0.1
2017-12-14,3,9,828.654,315.5413,35,0.044444444444444446
2017-12-15,5,7,2637.087,27.61860000000001,19,0.19999999999999998
2017-12-16,5,5,628.5419999999999,8.4637,20,0.24000000000000005
2017-12-17,5,7,12185.134,4653.9969,38,0.14285714285714285
2017-12-18,9,21,7051.35,727.4944,86,0.16666666666666666
2017-12-19,4,7,815.1120000000001,-251.3853,29,0.4428571428571429
2017-12-20,3,4,134.54,38.5308,14,0.0
2017-12-22,4,8,1043.128,228.1434,32,0.2125
2017-12-23,8,20,6965.857,1008.2604,68,0.15
2017-12-24,5,8,1938.26,323.5229,45,0.1375
2017-12-25,8,19,10488.055,1393.3961,77,0.15789473684210525
2017-12-26,7,13,1829.418,155.9416,34,0.09230769230769233
2017-12-27,6,7,959.49,16.758599999999998,30,0.15714285714285717
2017-12-29,8,12,1277.68,192.4955,48,0.19999999999999998
2017-12-30,6,8,773.774,146.8632,25,0.2625
2017-12-31,5,7,731.768,68.2435,27,0.17142857142857146
2018-01-01,4,10,1481.8280000000002,-181.41089999999997,56,0.39
2018-01-02,3,8,2079.554,-207.0473,26,0.425
2018-01-03,2,3,2070.272,704.2800000000001,17,0.06666666666666667
2018-01-06,1,1,33.74,15.5204,7,0.0
2018-01-07,3,6,3395.59,758.7192,27,0.13333333333333333
2018-01-08,1,1,892.98,80.3682,2,0.0
2018-01-09,1,1,274.491,-228.7425,3,0.7
2018-01-12,3,4,848.52,-1101.516,14,0.2
2018-01-13,1,4,4619.33,206.6524,19,0.0
2018-01-14,5,18,1056.038,208.8079,70,0.15555555555555556
2018-01-15,4,8,2140.28,297.206,31,0.30000000000000004
2018-01-16,2,5,6230.2919999999995,2595.203,25,0.04
2018-01-19,3,9,2013.715,55.40429999999999,22,0.14444444444444446
2018-01-20,5,6,767.838,156.03199999999998,21,0.11666666666666668
2018-01-21,4,14,2546.643,619.2187,58,0.1285714285714286
2018-01-22,2,6,4212.372,1461.3511,21,0.06666666666666667
2018-01-23,3,7,450.334,60.55,22,0.18571428571428572
2018-01-24,2,4,418.66599999999994,105.0682,11,0.1
2018-01-26,4,6,3055.2799999999997,803.9555,30,0.03333333333333333
2018-01-27,2,4,331.914,1.6239000000000061,12,0.2
2018-01-28,3,4,1007.52,333.8478,20,0.0
2018-01-29,5,10,294.842,86.9031,31,0.12000000000000002
2018-01-30,6,16,3749.335,308.4441,52,0.10625000000000001
2018-02-02,3,9,913.354,170.677,32,0.13333333333333336
2018-02-03,3,8,922.327,215.57,19,0.375
2018-02-04,1,1,32.67,8.4942,3,0.0
2018-02-05,2,4,2263.012,74.882,19,0.30000000000000004
2018-02-06,4,5,904.354,204.3158,19,0.08
2018-02-09,3,6,773.7639999999999,-411.9726,19,0.4000000000000001
2018-02-10,2,2,227.103,28.1274,6,0.075
2018-02-11,4,5,1241.516,130.1018,18,0.16
2018-02-13,4,7,1058.43,424.3345,25,0.0
2018-02-16,3,8,1337.442,95.9756,21,0.1875
2018-02-17,5,13,2964.8174,-383.5478,43,0.2630769230769231
2018-02-18,1,3,287.326,62.4082,8,0.06666666666666667
2018-02-19,3,4,1314.59,377.0515,16,0.0
2018-02-20,4,11,1150.29,-107.5121,33,0.17272727272727273
2018-02-21,1,1,47.904,-2.994,1,0.2
2018-02-23,2,3,117.79999999999998,42.37,16,0.06666666666666667
2018-02-24,2,3,1448.676,249.3929,14,0.3666666666666667
2018-02-25,2,3,430.49199999999996,-19.379800000000003,10,0.4000000000000001
2018-02-26,3,9,2847.6459999999997,447.3532,38,0.06666666666666668
2018-02-28,1,2,17.62,8.2242,3,0.0
2018-03-02,6,11,1450.126,244.0397,45,0.2636363636363636
2018-03-03,5,7,2000.1039999999998,528.1881,34,0.08571428571428573
2018-03-04,3,6,228.822,-33.9224,14,0.19999999999999998
2018-03-05,3,9,1240.02,480.4513,28,0.0
2018-03-06,5,10,778.236,235.12599999999998,40,0.08
2018-03-07,2,3,166.59,56.1114,12,0.06666666666666667
2018-03-08,2,4,843.1,243.448,17,0.05
2018-03-09,2,3,710.804,139.6285,9,0.13333333333333333
2018-03-10,5,9,1252.952,-165.0196,24,0.2888888888888889
2018-03-11,3,7,1973.708,224.69840000000002,19,0.24285714285714285
2018-03-12,3,3,353.28,60.474,19,0.0
2018-03-13,8,20,4791.35,827.2755999999999,71,0.11000000000000001
2018-03-14,1,1,49.616,4.9616,2,0.2
2018-03-16,4,13,2014.381,182.3025,44,0.2076923076923077
2018-03-17,4,13,542.746,129.7274,56,0.12307692307692308
2018-03-18,6,10,1027.758,-250.1181,43,0.28
2018-03-19,5,11,2166.248,130.4093,50,0.09090909090909091
2018-03-20,4,6,899.568,253.0645,21,0.06666666666666667
2018-03-21,6,12,3332.636,912.2596,45,0.08333333333333333
2018-03-23,6,8,14816.068,6818.627600000001,33,0.05
2018-03-24,4,7,1257.298,340.2724,17,0.05714285714285715
2018-03-25,6,12,3567.026,730.5126,46,0.08333333333333333
2018-03-26,5,11,3252.88,426.56969999999995,39,0.16363636363636364
2018-03-27,4,14,2933.516,128.5232,38,0.09428571428571429
2018-03-28,2,8,1504.702,58.8642,35,0.11249999999999999
2018-03-29,1,1,81.4,21.164,5,0.0
2018-03-30,5,6,656.407,222.0362,16,0.15
2018-03-31,8,13,4981.010799999999,1802.2158000000002,63,0.1476923076923077
2018-04-01,6,12,5972.988,542.9408000000001,60,0.1125
2018-04-02,4,5,822.97,215.8982,16,0.0
2018-04-03,2,2,32.528,9.8466,7,0.2
2018-04-04,4,6,808.47,110.1777,13,0.03333333333333333
2018-04-06,2,2,114.41999999999999,44.0304,8,0.35
2018-04-07,2,7,1971.2905,-341.1727,17,0.34285714285714286
2018-04-08,4,8,6401.93,2276.8183,32,0.0
2018-04-09,4,12,1626.71,411.2821,38,0.16666666666666666
2018-04-10,5,10,755.529,171.7842,29,0.17
2018-04-11,4,7,319.806,18.417,28,0.2285714285714286
2018-04-12,1,2,69.66,31.347,9,0.0
2018-04-13,3,4,1345.8239999999998,268.2204,17,0.15000000000000002
2018-04-14,5,8,652.93,33.600500000000004,30,0.15000000000000002
2018-04-15,6,6,332.338,109.8951,19,0.18333333333333335
2018-04-16,6,10,944.429,-45.439,30,0.28500000000000003
2018-04-17,4,13,3431.4590000000003,-3403.495,61,0.2769230769230769
2018-04-20,5,13,2033.24,22.754300000000008,44,0.29230769230769227
2018-04-21,5,8,1254.564,27.60410000000001,30,0.35000000000000003
2018-04-22,3,3,947.692,93.973,8,0.06666666666666667
2018-04-23,7,15,1199.222,199.3172,56,0.15333333333333332
2018-04-24,6,9,928.558,-12.036100000000001,27,0.3333333333333333
2018-04-25,6,8,678.113,104.5849,36,0.14375000000000002
2018-04-26,2,3,61.608000000000004,27.162300000000002,12,0.19999999999999998
2018-04-27,3,6,576.5756,60.020599999999995,24,0.08666666666666667
2018-04-28,3,4,795.296,91.36720000000001,8,0.2
2018-04-29,2,2,1053.26,-67.4841,6,0.2
2018-04-30,12,18,1390.1260000000002,-68.12500000000001,68,0.23333333333333334
2018-05-01,3,6,4108.37,-453.8578,21,0.20833333333333334
2018-05-02,3,5,399.11,110.3944,20,0.0
2018-05-03,3,9,1386.346,-80.1002,39,0.2444444444444444
2018-05-04,5,11,1389.4050000000002,292.3293,28,0.22727272727272727
2018-05-05,4,6,185.123,-122.56250000000001,26,0.26666666666666666
2018-05-06,8,13,3183.3698,84.1948,73,0.2476923076923077
2018-05-07,3,6,2549.468,649.4175,18,0.05000000000000001
2018-05-08,5,5,3658.5540000000005,1061.3636,23,0.2
2018-05-09,2,7,1078.222,273.9624,21,0.08571428571428573
2018-05-11,4,9,449.469,-319.4249,28,0.23333333333333334
2018-05-12,6,13,970.384,36.531,45,0.13846153846153847
2018-05-13,5,9,3066.378,809.8532,37,0.05555555555555555
2018-05-14,7,21,4182.062,1077.8878,83,0.10476190476190476
2018-05-15,3,8,421.264,73.9747,15,0.2375
2018-05-16,1,1,221.024,-55.256,2,0.2
2018-05-18,7,17,1830.508,407.8936,59,0.21176470588235294
2018-05-19,10,20,4919.182,1171.7753,86,0.07
2018-05-20,4,12,2997.578,273.2104,52,0.06666666666666667
2018-05-21,1,2,538.02,78.0183,8,0.0
2018-05-22,4,7,336.56199999999995,-6.969499999999996,25,0.18571428571428572
2018-05-23,2,5,241.436,-66.0777,14,0.44000000000000006
2018-05-25,3,6,886.026,230.33169999999998,22,0.06666666666666667
2018-05-26,3,4,270.24,76.4496,9,0.0
2018-05-27,6,11,2084.908,384.4578,44,0.11818181818181818
2018-05-28,7,12,1480.103,169.19639999999998,44,0.21666666666666667
2018-05-29,4,8,691.108,110.42989999999999,24,0.125
2018-05-30,5,9,736.8904,75.1597,21,0.10222222222222223
2018-06-01,5,11,5058.362,1295.5061,45,0.15454545454545454
2018-06-02,4,6,135.70600000000002,38.5265,20,0.23333333333333336
2018-06-03,6,17,2952.036,384.1454,71,0.17058823529411765
2018-06-04,6,8,279.414,66.7452,32,0.225
2018-06-05,2,2,491.11199999999997,60.174899999999994,7,0.2
2018-06-06,1,2,31.349999999999998,2.178,6,0.0
2018-06-08,6,11,2227.038,134.16189999999997,32,0.33181818181818185
2018-06-09,3,5,939.1329999999999,2.227300000000003,21,0.3
2018-06-10,9,13,2513.3430000000003,186.49229999999997,58,0.07307692307692308
2018-06-11,6,14,1580.894,274.94120000000004,44,0.15
2018-06-12,6,11,1679.968,314.9144,33,0.13636363636363635
2018-06-13,3,5,1156.018,-95.0222,24,0.18
2018-06-15,7,16,4057.51,404.42179999999996,57,0.1625
2018-06-16,6,13,2724.194,521.365,47,0.12307692307692308
2018-06-17,5,9,3896.672,1696.4659,28,0.24444444444444446
2018-06-18,2,3,1031.1555,117.87989999999999,18,0.11666666666666665
2018-06-19,7,16,2115.941,-22.034600000000005,58,0.2625
2018-06-20,5,9,1028.228,263.752,31,0.08888888888888889
2018-06-21,2,5,595.656,230.95919999999998,26,0.18
2018-06-22,4,6,579.019,123.27860000000001,18,0.4333333333333333
2018-06-24,7,10,1287.614,-28.52340000000003,43,0.13
2018-06-25,4,6,1508.3519999999999,185.0875,18,0.16666666666666666
2018-06-26,9,16,4224.136,705.2894,85,0.1
2018-06-27,3,5,1644.906,335.53589999999997,17,0.02
2018-06-29,7,15,4521.9912,889.2002,52,0.13466666666666666
2018-06-30,8,11,4721.977,135.66729999999998,40,0.18636363636363634
2018-07-01,1,3,639.83,103.9546,9,0.0
2018-07-02,1,2,169.192,51.3259,9,0.5
2018-07-03,12,20,6963.4039999999995,1488.1451,77,0.12000000000000002
2018-07-05,2,6,476.35400000000004,-337.4099,32,0.43333333333333335
2018-07-06,3,4,380.37800000000004,13.745399999999998,9,0.325
2018-07-07,4,9,1620.25,37.402899999999995,26,0.21111111111111114
2018-07-08,7,19,1980.2640000000001,817.1376,70,0.021052631578947368
2018-07-09,5,9,1671.214,164.11139999999997,43,0.2111111111111111
2018-07-10,3,3,359.21399999999994,44.925,12,0.06666666666666667
2018-07-11,5,7,1728.892,336.1681,34,0.05714285714285715
2018-07-12,1,1,3.816,1.1925,1,0.2
2018-07-13,2,4,504.542,112.0167,14,0.15000000000000002
2018-07-14,2,13,3598.9339999999997,-46.043899999999994,55,0.13846153846153847
2018-07-15,3,10,2132.229,285.20520000000005,29,0.04
2018-07-16,3,3,316.636,15.0374,7,0.2333333333333333
2018-07-17,4,9,2191.873,477.3142,32,0.061111111111111116
2018-07-18,2,8,2106.794,-425.63980000000004,27,0.3375
2018-07-20,4,12,2283.208,727.2774,35,0.075
2018-07-21,10,23,3685.944,144.2286,95,0.20869565217391303
2018-07-22,2,2,556.3140000000001,-61.10609999999999,7,0.15
2018-07-23,8,10,898.188,258.41179999999997,41,0.1
2018-07-24,1,1,2399.96,839.986,5,0.2
2018-07-25,4,8,798.742,-39.7968,31,0.21250000000000002
2018-07-26,1,2,2012.3020000000001,705.274,8,0.1
2018-07-27,4,8,1142.68,211.57549999999998,30,0.05
2018-07-28,1,3,1170.5639999999999,108.05359999999999,9,0.13333333333333333
2018-07-29,6,12,1391.294,367.4606,37,0.08333333333333333
2018-07-30,3,4,523.376,87.9368,18,0.175
2018-07-31,7,11,1558.028,464.7314,38,0.09090909090909091
2018-08-01,5,6,2085.65,-159.40619999999998,22,0.20000000000000004
2018-08-03,6,7,531.348,40.300900000000006,22,0.09999999999999999
2018-08-04,2,3,20.07,0.4320000000000004,6,0.4000000000000001
2018-08-05,3,5,503.676,170.42340000000002,28,0.04
2018-08-06,4,7,1424.026,419.7762,34,0.028571428571428574
2018-08-07,7,17,3479.624,705.8854,56,0.10588235294117647
2018-08-10,2,4,1823.0700000000002,521.9644,22,0.0
2018-08-11,3,6,708.726,235.90439999999998,36,0.23333333333333336
2018-08-12,4,12,3693.084,888.6845,51,0.05000000000000001
2018-08-13,4,13,2643.164,-1071.7151999999999,51,0.17692307692307693
2018-08-14,2,3,440.736,12.3879,11,0.06666666666666667
2018-08-15,3,3,1949.872,-289.18359999999996,16,0.06666666666666667
2018-08-16,1,2,80.564,-12.0292,7,0.44999999999999996
2018-08-17,5,17,9517.287999999999,605.8985000000001,70,0.1941176470588235
2018-08-18,8,17,7078.4839999999995,1971.9705999999999,69,0.1823529411764706
2018-08-19,4,4,512.446,225.0193,9,0.25
2018-08-20,5,7,692.95,183.6178,25,0.08571428571428573
2018-08-21,8,23,8551.054,2245.6488,95,0.08695652173913043
2018-08-22,2,2,524.54,-81.2501,3,0.30000000000000004
2018-08-23,1,5,4590.344,358.546,28,0.2
2018-08-24,2,4,685.0560000000002,77.40599999999999,15,0.2
2018-08-25,4,5,361.988,-17.110799999999998,12,0.26
2018-08-26,3,3,190.66,-14.764999999999999,11,0.19999999999999998
2018-08-27,9,19,6190.538,1008.8821,82,0.13157894736842105
2018-08-28,3,8,1443.6319999999998,345.3009,35,0.1
2018-08-29,3,5,235.46800000000002,57.1282,25,0.28
2018-08-31,8,11,3162.83,611.2385,43,0.1272727272727273
2018-09-01,5,7,1261.81,340.5586,27,0.028571428571428574
2018-09-02,14,36,9354.854,2600.1853,126,0.10277777777777779
2018-09-03,8,13,1595.849,199.48180000000002,42,0.19615384615384615
2018-09-04,16,28,5360.202,224.42510000000001,108,0.21428571428571427
2018-09-05,3,5,327.044,-17.1944,15,0.16
2018-09-07,15,23,3848.565,1248.2397,85,0.11739130434782609
2018-09-08,8,14,2184.327,-510.96709999999996,57,0.3
2018-09-09,12,29,4356.061,-152.87539999999998,101,0.2310344827586207
2018-09-10,9,18,2506.646,-977.3219,56,0.12222222222222223
2018-09-11,10,22,5564.006,1032.8847,97,0.13181818181818183
2018-09-12,4,7,491.54999999999995,219.391,32,0.0
2018-09-13,1,1,15.92,2.786,5,0.2
2018-09-14,8,18,4367.347,474.34169999999995,66,0.2222222222222222
2018-09-15,13,26,7285.026,1934.9693,110,0.08461538461538462
2018-09-16,7,13,849.65,-335.6626,34,0.21538461538461537
2018-09-17,6,17,4979.226,769.2717,59,0.12352941176470589
2018-09-18,8,20,1511.93,501.5421,73,0.04
2018-09-19,7,15,1648.188,53.989900000000006,51,0.23333333333333334
2018-09-20,1,14,7359.918,1571.7964,52,0.042857142857142864
2018-09-21,7,8,338.172,97.20689999999999,23,0.175
2018-09-22,12,22,7871.213,-145.57789999999994,91,0.10454545454545455
2018-09-23,11,20,2395.786,115.1856,65,0.185
2018-09-24,12,25,6450.4619999999995,1000.4615,92,0.11199999999999999
2018-09-25,7,13,1412.213,228.9978,52,0.12307692307692308
2018-09-26,3,7,1486.576,314.9023,26,0.1142857142857143
2018-09-28,5,10,559.271,-46.377900000000004,21,0.27999999999999997
2018-09-29,9,21,1944.08,39.560700000000026,67,0.14761904761904762
2018-09-30,5,7,540.76,207.35469999999998,27,0.14285714285714285
2018-10-01,6,12,2978.466,1013.0730000000001,64,0.10000000000000002
2018-10-02,10,26,5418.022,-1095.5167000000001,116,0.25384615384615383
2018-10-03,6,9,2504.48,943.3932,30,0.08888888888888889
2018-10-04,1,1,19.98,8.5914,1,0.0
2018-10-05,5,15,6684.616,1475.2477000000001,55,0.1
2018-10-06,6,12,1499.652,348.323,29,0.05000000000000001
2018-10-07,5,11,2749.21,218.4405,53,0.2772727272727273
2018-10-08,3,6,608.356,148.0335,12,0.05000000000000001
2018-10-09,6,11,1496.589,-467.1381,45,0.22727272727272727
2018-10-10,1,1,239.358,-47.8716,3,0.3
2018-10-12,10,18,5635.354,526.1517,78,0.1111111111111111
2018-10-13,6,15,8405.802,2553.2419,62,0.18666666666666665
2018-10-14,4,5,134.332,-28.5702,23,0.32
2018-10-15,6,8,1017.94,230.1392,28,0.025
2018-10-16,5,6,3473.5969999999998,-1100.3811,39,0.25
2018-10-17,3,4,126.352,23.0989,9,0.05
2018-10-19,9,16,2781.8702000000003,-1430.7904,57,0.245
2018-10-20,7,15,1333.858,135.7559,42,0.14666666666666667
2018-10-21,10,18,4537.201,444.7591,58,0.24444444444444446
2018-10-22,6,12,15158.877,4539.8266,49,0.18333333333333335
2018-10-23,5,18,3352.3940000000002,82.32130000000001,66,0.18888888888888888
2018-10-24,2,2,529.0849999999999,-76.0505,9,0.15
2018-10-26,5,10,999.868,107.72749999999999,38,0.26
2018-10-27,6,12,1086.32,103.8625,38,0.23750000000000002
2018-10-28,4,8,408.726,36.1057,20,0.15000000000000002
2018-10-29,1,1,46.96,22.5408,8,0.0
2018-10-30,7,23,4025.7299999999996,518.9913,92,0.13478260869565217
2018-10-31,2,3,523.928,41.96940000000001,9,0.20000000000000004
2018-11-01,2,4,2921.43,358.8969,25,0.05
2018-11-02,12,25,6294.386,929.1536,105,0.07600000000000001
2018-11-03,16,23,4536.937,675.2008000000001,86,0.1565217391304348
2018-11-04,8,17,10668.096,-3987.2422,58,0.35294117647058826
2018-11-05,8,18,2355.064,525.4202,62,0.15555555555555556
2018-11-06,13,27,4288.75,562.9598,91,0.16666666666666666
2018-11-07,7,10,2413.378,119.64159999999995,50,0.12000000000000002
2018-11-08,2,2,384.1,145.392,15,0.0
2018-11-09,7,12,4751.492,1219.0435,48,0.06666666666666667
2018-11-10,9,15,4007.5480000000002,-111.13019999999997,64,0.2733333333333333
2018-11-11,12,15,1815.2179999999998,283.24760000000003,54,0.13333333333333333
2018-11-12,14,30,2911.386,-37.834999999999994,94,0.19333333333333336
2018-11-13,14,22,6633.4202000000005,-398.42480000000006,103,0.19636363636363638
2018-11-14,8,10,834.6579999999999,31.053600000000003,45,0.27
2018-11-15,1,2,559.2,55.016,8,0.2
2018-11-16,12,18,4755.234,539.0093,68,0.10555555555555556
2018-11-17,12,16,13694.8828,5895.3981,64,0.12625
2018-11-18,8,21,1469.756,253.8081,83,0.13333333333333333
2018-11-19,15,26,7397.272,-1659.0309000000002,114,0.22307692307692306
2018-11-20,9,17,2988.274,555.2368,68,0.09411764705882353
2018-11-21,7,15,2236.1839999999997,301.3298,41,0.09333333333333334
2018-11-22,1,1,35.712,2.232,8,0.2
2018-11-23,9,17,1153.109,213.4873,59,0.25882352941176473
2018-11-24,15,25,4959.641,935.9258,110,0.192
2018-11-25,8,13,3666.157,-58.567800000000005,55,0.1576923076923077
2018-11-26,8,16,5048.1720000000005,1251.3573999999999,69,0.1125
2018-11-27,7,13,1618.254,643.252,61,0.07692307692307693
2018-11-28,5,12,6912.944,328.9202,65,0.11666666666666668
2018-11-29,1,2,491.888,67.831,7,0.2
2018-11-30,11,15,6645.282,49.52120000000001,60,0.13333333333333333
2018-12-01,14,34,5331.178,718.892,149,0.15294117647058825
2018-12-02,16,34,9951.182,-7.340999999999886,152,0.23235294117647057
2018-12-03,8,20,1403.842,280.7407,70,0.20500000000000002
2018-12-04,10,18,2639.638,-21.988099999999974,64,0.17777777777777778
2018-12-05,8,19,1453.136,447.6235,75,0.06315789473684212
2018-12-06,1,1,10.68,2.8836,1,0.0
2018-12-07,7,9,2916.514,-2686.6673,36,0.17777777777777778
2018-12-08,9,30,7643.041,1154.6045,114,0.06833333333333334
2018-12-09,15,33,5470.39,1487.1417999999999,120,0.14393939393939395
2018-12-10,12,21,3873.5589999999997,715.5696,70,0.10952380952380954
2018-12-11,11,22,2823.965,-82.40890000000005,63,0.17500000000000002
2018-12-13,3,6,580.936,99.2154,25,0.03333333333333333
2018-12-14,6,18,3897.714,215.25000000000006,74,0.18888888888888888
2018-12-15,3,5,306.88800000000003,52.5946,20,0.08
2018-12-16,5,13,858.702,171.2212,47,0.07692307692307693
2018-12-17,9,13,2027.758,303.0905,38,0.1076923076923077
2018-12-18,9,20,3645.911,840.8157,86,0.1075
2018-12-19,3,5,1895.926,-152.4596,18,0.26
2018-12-20,2,5,377.736,176.91150000000002,13,0.08
2018-12-21,8,11,2140.94,570.7615,38,0.0
2018-12-22,12,27,7442.021,957.1227000000001,100,0.16296296296296298
2018-12-23,7,15,1926.776,284.0978,63,0.17333333333333334
2018-12-24,11,16,6233.054,1568.2397,54,0.10625000000000001
2018-12-25,10,23,2698.927,359.20029999999997,87,0.24347826086956523
2018-12-26,4,4,814.5939999999999,61.1202,12,0.22499999999999998
2018-12-27,1,2,177.636,-31.974200000000003,6,0.30000000000000004
2018-12-28,10,19,1657.3508000000002,253.1188,64,0.2168421052631579
2018-12-29,6,12,2915.534,644.4338,41,0.03333333333333333
2018-12-30,4,7,713.7900000000001,101.5365,23,0.14285714285714285
